,SSID
0,de45005
1,HOTBOX 4-80C0
2,de45005
3,HOTBOX 4-80C0
4,450/3
5,de45005
6,HOTBOX 4-80C0
7,450/3
8,de45005
9,HOTBOX 4-80C0
10,450/3
11,de45005
12,HOTBOX 4-80C0
13,450/3
14,de45005
15,HOTBOX 4-80C0
16,450/3
17,de45005
18,HOTBOX 4-80C0
19,450/3
20,de45005
21,HOTBOX 4-80C0
22,450/3
23,de45005
24,HOTBOX 4-80C0
25,450/3
26,de45005
27,HOTBOX 4-80C0
28,450/3
29,de45005
30,HOTBOX 4-80C0
31,450/3
32,de45005
33,HOTBOX 4-80C0
34,450/3
35,de45005
36,HOTBOX 4-80C0
37,de45005
38,HOTBOX 4-80C0
39,de45005
40,HOTBOX 4-80C0
41,de45005
42,HOTBOX 4-80C0
43,de45005
44,HOTBOX 4-80C0
45,de45005
46,HOTBOX 4-80C0
47,de45005
48,HOTBOX 4-80C0
49,de45005
50,HOTBOX 4-80C0
51,de45005
52,HOTBOX 4-80C0
53,de45005
54,HOTBOX 4-80C0
55,de45005
56,HOTBOX 4-80C0
57,de45005
58,HOTBOX 4-80C0
59,de45005
60,HOTBOX 4-80C0
61,de45005
62,HOTBOX 4-80C0
63,de45005
64,HOTBOX 4-80C0
65,de45005
66,HOTBOX 4-80C0
67,de45005
68,HOTBOX 4-80C0
69,de45005
70,HOTBOX 4-80C0
71,de45005
72,HOTBOX 4-80C0
73,de45005
74,HOTBOX 4-80C0
75,de45005
76,HOTBOX 4-80C0
77,450/3
78,de45005
79,HOTBOX 4-80C0
80,450/3
81,de45005
82,HOTBOX 4-80C0
83,450/3
84,de45005
85,HOTBOX 4-80C0
86,de45005
87,HOTBOX 4-80C0
88,de45005
89,HOTBOX 4-80C0
90,de45005
91,HOTBOX 4-80C0
92,de45005
93,HOTBOX 4-80C0
94,450/3
96,de45005
97,HOTBOX 4-80C0
98,450/3
99,de45005
100,HOTBOX 4-80C0
101,450/3
102,de45005
103,HOTBOX 4-80C0
104,450/3
105,de45005
106,HOTBOX 4-80C0
107,de45005
108,450/3
109,de45005
110,450/3
111,HOTBOX 4-80C0
112,de45005
113,450/3
114,HOTBOX 4-80C0
115,de45005
116,HOTBOX 4-80C0
117,450/3
118,de45005
119,HOTBOX 4-80C0
120,de45005
121,HOTBOX 4-80C0
123,de45005
124,HOTBOX 4-80C0
125,450/3
157,de45005
158,HOTBOX 4-80C0
